{
  "project_info": {
    "project_number": "790978318305",
    "project_id": "tutoriel3-590da",
    "storage_bucket": "tutoriel3-590da.firebasestorage.app"
  },
  "client": [
    {
      "client_info": {
        "mobilesdk_app_id": "1:790978318305:android:82b2b8e225287f6f9c8ca0",
        "android_client_info": {
          "package_name": "com.company.tutoriel3"
        }
      },
      "oauth_client": [],
      "api_key": [
        {
          "current_key": "AIzaSyAIJyM-K-8G_1ohH-XWMuyGMeDMvYe1xxA"
        }
      ],
      "services": {
        "appinvite_service": {
          "other_platform_oauth_client": []
        }
      }
    }
  ],
  "configuration_version": "1"
}